{"cameraMode":{"drawMode":0,"name":"Shaded","section":"Shading Mode"},"sceneLighting":true,"audioPlay":false,"sceneViewState":{"showFog":true,"showMaterialUpdate":false,"showSkybox":true,"showFlares":true,"showImageEffects":true,"showParticleSystems":true},"in2DMode":false,"pivot":{"x":51.25670623779297,"y":0.4804813861846924,"z":45.13999938964844},"rotation":{"x":0.004012863151729107,"y":0.991435706615448,"z":-0.127411350607872,"w":0.03178592398762703},"size":2.1751973628997804,"orthographic":false}