{"cameraMode":{"drawMode":0,"name":"Shaded","section":"Shading Mode"},"sceneLighting":true,"audioPlay":false,"sceneViewState":{"showFog":true,"showMaterialUpdate":false,"showSkybox":true,"showFlares":true,"showImageEffects":true,"showParticleSystems":true},"in2DMode":false,"pivot":{"x":50.883419036865237,"y":0.8699264526367188,"z":47.3513298034668},"rotation":{"x":-0.006071733310818672,"y":0.9890676140785217,"z":-0.1422087699174881,"w":-0.04100586473941803},"size":1.3080196380615235,"orthographic":false}